<?xml version="1.0" encoding="utf-8" ?>
<dwsync>
<file name="acount.php" server="D:/xampp/htdocs/CNTT/" local="132126425514403616" remote="132126425510000000" />
<file name="acount_del.php" server="D:/xampp/htdocs/CNTT/" local="132126426984067676" remote="132126426980000000" />
<file name="acount_insert.php" server="D:/xampp/htdocs/CNTT/" local="132126434486156771" remote="132126434480000000" />
<file name="acount_edit.php" server="D:/xampp/htdocs/CNTT/" local="132126460192157071" remote="132126460190000000" />
<file name="danhmuc.php" server="D:/xampp/htdocs/CNTT/" local="132132460614174513" remote="132132460610000000" />
<file name="danhmuc_insert.php" server="D:/xampp/htdocs/CNTT/" local="132132463019572094" remote="132132463010000000" />
<file name="danhmuc_del.php" server="D:/xampp/htdocs/CNTT/" local="132132465013996168" remote="132132465010000000" />
<file name="danhmuc_edit.php" server="D:/xampp/htdocs/CNTT/" local="132132468854105810" remote="132132468850000000" />
<file name="sanpham.php" server="D:/xampp/htdocs/CNTT/" local="132132509877272201" remote="132132509870000000" />
<file name="sanpham_insert.php" server="D:/xampp/htdocs/CNTT/" local="132132697107357413" remote="132132697100000000" />
<file name="sanpham_del.php" server="D:/xampp/htdocs/CNTT/" local="132132495010541872" remote="132132495010000000" />
<file name="sanpham_edit.php" server="D:/xampp/htdocs/CNTT/" local="132132503639775436" remote="132132503630000000" />
</dwsync>